{
  "results": [
    {
      "command": "java -jar ruleGenerator-1.jar models/e001.bpmn ./",
      "mean": 0.8264197579999999,
      "stddev": 0.008200267328189834,
      "median": 0.8263498680000001,
      "user": 0.24656250000000002,
      "system": 0.0359375,
      "min": 0.812755018,
      "max": 0.844836518,
      "times": [
        0.8187397180000001,
        0.828997818,
        0.8267566180000001,
        0.8259431180000001,
        0.844836518,
        0.8256124180000001,
        0.8243362180000001,
        0.8269655180000001,
        0.812755018,
        0.8292546180000001
      ],
      "exit_codes": [
        0,
        0,
        0,
        0,
        0,
        0,
        0,
        0,
        0,
        0
      ],
      "parameters": {
        "bpmnModel": "models/e001.bpmn"
      }
    },
    {
      "command": "java -jar ruleGenerator-1.jar models/e002.bpmn ./",
      "mean": 0.8093474480000001,
      "stddev": 0.005906594875795842,
      "median": 0.8110484680000001,
      "user": 0.19031250000000005,
      "system": 0.0234375,
      "min": 0.7981485180000001,
      "max": 0.814353418,
      "times": [
        0.814353418,
        0.813143118,
        0.7989726180000001,
        0.8094257180000001,
        0.810410818,
        0.811621518,
        0.7981485180000001,
        0.8104754180000001,
        0.8135969180000001,
        0.813326418
      ],
      "exit_codes": [
        0,
        0,
        0,
        0,
        0,
        0,
        0,
        0,
        0,
        0
      ],
      "parameters": {
        "bpmnModel": "models/e002.bpmn"
      }
    },
    {
      "command": "java -jar ruleGenerator-1.jar models/e006.bpmn ./",
      "mean": 0.8368520180000001,
      "stddev": 0.017264967662163615,
      "median": 0.8342766180000001,
      "user": 0.26999999999999996,
      "system": 0.040625,
      "min": 0.8103774180000001,
      "max": 0.8650727180000001,
      "times": [
        0.8103774180000001,
        0.8602328180000001,
        0.8221163180000001,
        0.8303899180000001,
        0.845880418,
        0.8650727180000001,
        0.8381633180000001,
        0.8258513180000001,
        0.8259916180000001,
        0.8444443180000001
      ],
      "exit_codes": [
        0,
        0,
        0,
        0,
        0,
        0,
        0,
        0,
        0,
        0
      ],
      "parameters": {
        "bpmnModel": "models/e006.bpmn"
      }
    },
    {
      "command": "java -jar ruleGenerator-1.jar models/e007.bpmn ./",
      "mean": 0.738571348,
      "stddev": 0.010429506830254875,
      "median": 0.7405848180000001,
      "user": 0.2325,
      "system": 0.028125,
      "min": 0.7156385180000001,
      "max": 0.749799018,
      "times": [
        0.7297424180000001,
        0.7378841180000001,
        0.7432855180000001,
        0.749799018,
        0.7462625180000001,
        0.7352220180000001,
        0.748094318,
        0.7156385180000001,
        0.734333718,
        0.7454513180000001
      ],
      "exit_codes": [
        0,
        0,
        0,
        0,
        0,
        0,
        0,
        0,
        0,
        0
      ],
      "parameters": {
        "bpmnModel": "models/e007.bpmn"
      }
    },
    {
      "command": "java -jar ruleGenerator-1.jar models/e008.bpmn ./",
      "mean": 0.7684794980000001,
      "stddev": 0.009327130567305006,
      "median": 0.765811918,
      "user": 0.24812499999999998,
      "system": 0.046875,
      "min": 0.7520067180000001,
      "max": 0.7814073180000001,
      "times": [
        0.7633136180000001,
        0.778338818,
        0.7648667180000001,
        0.7814073180000001,
        0.7649652180000001,
        0.773739618,
        0.778720618,
        0.766658618,
        0.760777718,
        0.7520067180000001
      ],
      "exit_codes": [
        0,
        0,
        0,
        0,
        0,
        0,
        0,
        0,
        0,
        0
      ],
      "parameters": {
        "bpmnModel": "models/e008.bpmn"
      }
    },
    {
      "command": "java -jar ruleGenerator-1.jar models/e009.bpmn ./",
      "mean": 0.7766772780000001,
      "stddev": 0.008916833853660025,
      "median": 0.7769349680000001,
      "user": 0.19500000000000003,
      "system": 0.0296875,
      "min": 0.7651372180000001,
      "max": 0.7945744180000001,
      "times": [
        0.774749718,
        0.7945744180000001,
        0.7687006180000001,
        0.7657538180000001,
        0.783143718,
        0.7778920180000001,
        0.775977918,
        0.779075618,
        0.7651372180000001,
        0.7817677180000001
      ],
      "exit_codes": [
        0,
        0,
        0,
        0,
        0,
        0,
        0,
        0,
        0,
        0
      ],
      "parameters": {
        "bpmnModel": "models/e009.bpmn"
      }
    },
    {
      "command": "java -jar ruleGenerator-1.jar models/e010.bpmn ./",
      "mean": 0.801460578,
      "stddev": 0.011205759808657947,
      "median": 0.7974135680000001,
      "user": 0.2246875,
      "system": 0.0359375,
      "min": 0.7896674180000001,
      "max": 0.8231928180000001,
      "times": [
        0.794953318,
        0.8231928180000001,
        0.8134046180000001,
        0.7975826180000001,
        0.797572818,
        0.7920580180000001,
        0.7896674180000001,
        0.797254318,
        0.794986218,
        0.8139336180000001
      ],
      "exit_codes": [
        0,
        0,
        0,
        0,
        0,
        0,
        0,
        0,
        0,
        0
      ],
      "parameters": {
        "bpmnModel": "models/e010.bpmn"
      }
    },
    {
      "command": "java -jar ruleGenerator-1.jar models/e011.bpmn ./",
      "mean": 0.7960207680000001,
      "stddev": 0.008906190000873927,
      "median": 0.7966984680000001,
      "user": 0.21375000000000002,
      "system": 0.0296875,
      "min": 0.7818230180000001,
      "max": 0.810250518,
      "times": [
        0.795210618,
        0.810250518,
        0.7960215180000001,
        0.7974208180000001,
        0.8001398180000001,
        0.7937629180000001,
        0.782355518,
        0.7973754180000001,
        0.7818230180000001,
        0.8058475180000001
      ],
      "exit_codes": [
        0,
        0,
        0,
        0,
        0,
        0,
        0,
        0,
        0,
        0
      ],
      "parameters": {
        "bpmnModel": "models/e011.bpmn"
      }
    },
    {
      "command": "java -jar ruleGenerator-1.jar models/e015.bpmn ./",
      "mean": 0.796377498,
      "stddev": 0.007579666737294223,
      "median": 0.796034068,
      "user": 0.23718750000000002,
      "system": 0.0359375,
      "min": 0.7830130180000001,
      "max": 0.8140521180000001,
      "times": [
        0.7978829180000001,
        0.8140521180000001,
        0.792589018,
        0.796494118,
        0.798142518,
        0.7830130180000001,
        0.7942461180000001,
        0.796449418,
        0.7956187180000001,
        0.7952870180000001
      ],
      "exit_codes": [
        0,
        0,
        0,
        0,
        0,
        0,
        0,
        0,
        0,
        0
      ],
      "parameters": {
        "bpmnModel": "models/e015.bpmn"
      }
    },
    {
      "command": "java -jar ruleGenerator-1.jar models/e016.bpmn ./",
      "mean": 0.788906378,
      "stddev": 0.009468603568542842,
      "median": 0.792899668,
      "user": 0.22937500000000002,
      "system": 0.0296875,
      "min": 0.7754539180000001,
      "max": 0.7992112180000001,
      "times": [
        0.7754539180000001,
        0.792492618,
        0.798104918,
        0.7809011180000001,
        0.779466418,
        0.7772423180000001,
        0.7966264180000001,
        0.7962581180000001,
        0.7992112180000001,
        0.7933067180000001
      ],
      "exit_codes": [
        0,
        0,
        0,
        0,
        0,
        0,
        0,
        0,
        0,
        0
      ],